<?xml version="1.0" encoding="UTF-8"?>
<GenRun Id="synth_1" LaunchPart="xc7a35tcpg236-1" LaunchTime="1764821868">
  <File Type="PA-TCL" Name="elevator_top.tcl"/>
  <File Type="RDS-PROPCONSTRS" Name="elevator_top_drc_synth.rpt"/>
  <File Type="REPORTS-TCL" Name="elevator_top_reports.tcl"/>
  <File Type="RDS-RDS" Name="elevator_top.vds"/>
  <File Type="RDS-UTIL" Name="elevator_top_utilization_synth.rpt"/>
  <File Type="RDS-UTIL-PB" Name="elevator_top_utilization_synth.pb"/>
  <File Type="RDS-DCP" Name="elevator_top.dcp"/>
  <File Type="VDS-TIMINGSUMMARY" Name="elevator_top_timing_summary_synth.rpt"/>
  <File Type="VDS-TIMING-PB" Name="elevator_top_timing_summary_synth.pb"/>
  <FileSet Name="sources" Type="DesignSrcs" RelSrcDir="$PSRCDIR/sources_1" RelGenDir="$PGENDIR/sources_1">
    <Filter Type="Srcs"/>
    <File Path="$PSRCDIR/sources_1/new/elevator_top.v">
      <FileInfo>
        <Attr Name="UsedIn" Val="synthesis"/>
        <Attr Name="UsedIn" Val="implementation"/>
        <Attr Name="UsedIn" Val="simulation"/>
      </FileInfo>
    </File>
    <Config>
      <Option Name="DesignMode" Val="RTL"/>
      <Option Name="TopModule" Val="elevator_top"/>
      <Option Name="TopAutoSet" Val="TRUE"/>
    </Config>
  </FileSet>
  <FileSet Name="constrs_in" Type="Constrs" RelSrcDir="$PSRCDIR/constrs_1" RelGenDir="$PGENDIR/constrs_1">
    <Filter Type="Constrs"/>
    <Config>
      <Option Name="ConstrsType" Val="XDC"/>
    </Config>
  </FileSet>
  <FileSet Name="utils" Type="Utils" RelSrcDir="$PSRCDIR/utils_1" RelGenDir="$PGENDIR/utils_1">
    <Filter Type="Utils"/>
    <Config>
      <Option Name="TopAutoSet" Val="TRUE"/>
    </Config>
  </FileSet>
  <Strategy Version="1" Minor="2">
    <StratHandle Name="Vivado Synthesis Defaults" Flow="Vivado Synthesis 2025">
      <Desc>Vivado Synthesis Defaults</Desc>
    </StratHandle>
    <Step Id="synth_design"/>
  </Strategy>
</GenRun>
